Fund Name,Topsis Score,Rank
M1,0.4394887856208898,8
M2,0.5350544302405098,4
M3,0.49893384909319444,6
M4,0.5036616600396784,5
M5,0.5399235040772169,3
M6,0.4730311126364699,7
M7,0.5435142922335336,2
M8,0.6182106016930755,1
